{

    "cat1":"http://69.49.228.42/1kball/dev/api/v1/catgames/1/",
    "cat2":"http://69.49.228.42/1kball/dev/api/v1/catgames/2/",
    "cat3":"http://69.49.228.42/1kball/dev/api/v1/catgames/3/",
    "cat4":"http://69.49.228.42/1kball/dev/api/v1/catgames/4/",
    "cat5":"http://69.49.228.42/1kball/dev/api/v1/catgames/5/",
    "cat6":"http://69.49.228.42/1kball/dev/api/v1/catgames/6/",
    "cat7":"http://69.49.228.42/1kball/dev/api/v1/catgames/7/",
    "cat8":"http://69.49.228.42/1kball/dev/api/v1/catgames/8/"

}